[{"itemID":"018badfa-03d9-4d7e-a8ae-3b8e2e9fd0a6", "userID":0, "itemName":"60 GB Seagate HDD", "itemDesc":"60 GB Seagate Hard Disk Drive for sale. Meet anywhere to transact Cash on-delivery.", "bidClosebyOwner":0, "bidCloseDate":"2021-05-24", "bidIncrement":"100", "bidPrice":"100", "displayItem":0, "itemImage":"assets/fileuploads/hdd.webp"},
 {"itemID":"077a79ca-bb0f-445b-8af1-a3e392effdc8", "userID":0, "itemName":"HP 500 GB SSD", "itemDesc":"HP 500 GB SSD up for sale. Only the highest bidder wins. Cash on-delivery.", "bidClosebyOwner":0, "bidCloseDate":"2021-05-15", "bidIncrement":"50", "bidPrice":"500", "displayItem":0, "itemImage":"assets/fileuploads/hdd.webp"},
 {"itemID":"0d055b76-8922-4538-903c-eff5bd752d5b", "userID":0, "itemName":"Kingston 32GB Ram DIMM", "itemDesc":"Kingston 32GB Ram up for sale. Only the highest bidder wins. Cash on-delivery.", "bidClosebyOwner":0, "bidCloseDate":"2021-05-25", "bidIncrement":"10", "bidPrice":"100", "displayItem":0, "itemImage":"assets/fileuploads/ram.png"},
 {"itemID":"49750476-449f-4393-a493-904efa949486", "userID":0, "itemName":"GeForce 256GB Ram 1GHz", "itemDesc":"GeForce 256GB Ram up for grab. Used many times.", "bidClosebyOwner":0, "bidCloseDate":"2021-05-18", "bidIncrement":"50", "bidPrice":"300", "displayItem":0, "itemImage":"assets/fileuploads/ram.png"},
 {"itemID":"7e1b1d2b-fb1f-4a4f-9ade-2b04864af8b2", "userID":0, "itemName":"512gb 8gb i5 16 inches Acer Aspire 3", "itemDesc":"Intel core i5, 8gb ram, 512gb HDD.\r Item is in full working condition.\r Island-wide delivery.", "bidClosebyOwner":0, "bidCloseDate":"2021-05-27", "bidIncrement":"20", "bidPrice":"1000", "displayItem":0, "itemImage":"assets/fileuploads/mac.webp"},
 {"itemID":"8157e30b-26f8-4e80-ad78-246f4d7dc19e", "userID":0, "itemName":"100 GB Dell HDD", "itemDesc":"Brand New 100 GB Dell Hard Disk Drive for sale. Meet anywhere to transact. Cash on-delivery.", "bidClosebyOwner":0, "bidCloseDate":"2021-05-15", "bidIncrement":"100", "bidPrice":"100", "displayItem":0, "itemImage":"assets/fileuploads/hdd.webp"},
 {"itemID":"98fcdf2d-2b96-487c-a176-d6c9bdc60277", "userID":0, "itemName":"30 inches LCD Monitor HP", "itemDesc":"Item is in full working condition.\r\nBrand New. Free delivery.", "bidClosebyOwner":0, "bidCloseDate":"2021-05-12", "bidIncrement":"300", "bidPrice":"300", "displayItem":0, "itemImage":"assets/fileuploads/monitor.png"},
 {"itemID":"bb7b6294-f4d5-4cd2-8d6c-31189a9e0ec0", "userID":0, "itemName":"40 inches OLED Monitor HP", "itemDesc":"Good working condition.", "bidClosebyOwner":0, "bidCloseDate":"2021-05-18", "bidIncrement":"1000", "bidPrice":"1000", "displayItem":0, "itemImage":"assets/fileuploads/monitor.png"},
 {"itemID":"c7695d45-a8a5-41a1-961c-5a2da5f9b458", "userID":0, "itemName":"Limited Edition 100 TB SSD Samsung", "itemDesc":"100 TB SSD up for sale. Only the highest bidder wins. Cash on-delivery.", "bidClosebyOwner":0, "bidCloseDate":"2021-05-31", "bidIncrement":"1000", "bidPrice":"100", "displayItem":0, "itemImage":"assets/fileuploads/hdd.webp"},
 {"itemID":"f075bbf9-4cad-4953-82a0-a4782af4f648", "userID":0, "itemName":"Limited Edition 55 inches OLED Monitor HP", "itemDesc":"Used and good condition.", "bidClosebyOwner":0, "bidCloseDate":"2021-05-15", "bidIncrement":"5000", "bidPrice":"5000", "displayItem":0, "itemImage":"assets/fileuploads/monitor.png"},
 {"itemID":"f9e07109-908b-4c09-88b2-d4df0ac35f55", "userID":0, "itemName":"16GB Kingston Ram Laptop 1600MHz SODIMM", "itemDesc":"Used.", "bidClosebyOwner":0, "bidCloseDate":"2021-05-15", "bidIncrement":"100", "bidPrice":"100", "displayItem":0, "itemImage":"assets/fileuploads/ram.png"},
 {"itemID":"fe4d0e61-87cd-4338-a914-855e9265e7bc", "userID":0, "itemName":"512gb 16gb i7 16 inches MacBook Pro 2019 Silver", "itemDesc":"Intel core i7, 16gb ram, 512gb SSD.\r Item is in fully working condition.\r Free delivery.", "bidClosebyOwner":0, "bidCloseDate":"2021-05-30", "bidIncrement":"10", "bidPrice":"2200", "displayItem":0, "itemImage":"assets/fileuploads/mac.webp"},
 {"itemID":"fea925e4-b261-4810-bd1f-c235e7ebea31", "userID":0, "itemName":"50 inches OLED Monitor Samsung", "itemDesc":"Brand New. Good Condition.", "bidClosebyOwner":0, "bidCloseDate":"2021-05-21", "bidIncrement":"200", "bidPrice":"2000", "displayItem":0, "itemImage":"assets/fileuploads/monitor.png"}]